tar,tid,qry,qid,eva,sca,bia,evd,scd,bid,Accn
MES1902284.1, -, PTHR11139.orig.30.pi, -,3.8e-34,115.8,0.2,6.3e-34,115.0,0.2,GCA_040357535.1
MES1906466.1, -, PTHR11139.orig.30.pi, -,6.3e-12,42.0,0.0,6.9e-12,41.9,0.0,GCA_040357535.1
MES1902168.1, -, PTHR11139.orig.30.pi, -,4.4e-08,29.3,1.2,3.5e-07,26.3,1.2,GCA_040357535.1
MES1902367.1, -, PTHR11139.orig.30.pi, -,0.00018,17.3,0.0,0.00024,16.9,0.0,GCA_040357535.1
