tar,tid,qry,qid,eva,sca,bia,evd,scd,bid,Accn
OII70917.1, -, PTHR13335.orig.30.pi, -,0.00016,18.5,23.0,0.00017,18.5,23.0,GCA_001865355.1
OII76669.1, -, PTHR13335.orig.30.pi, -,0.017,11.8,9.9,0.022,11.5,9.9,GCA_001865355.1
