tar,tid,qry,qid,eva,sca,bia,evd,scd,bid,Accn
SBT35202.1, -, PTHR13335.orig.30.pi, -,0.00054,18.0,19.4,0.00066,17.7,19.4,GCA_900088545.1
SBT36377.1, -, PTHR13335.orig.30.pi, -,0.24,9.2,5.7,0.31,8.9,5.7,GCA_900088545.1
SBT48197.1, -, PTHR13335.orig.30.pi, -,5.4,4.8,19.0,0.021,12.7,8.3,GCA_900088545.1
