tar,tid,qry,qid,eva,sca,bia,evd,scd,bid,Accn
CAA9986481.1, -, PTHR13335.orig.30.pi, -,0.0003,18.2,14.6,0.00031,18.1,14.6,GCA_000006355.3
CAA9989808.1, -, PTHR13335.orig.30.pi, -,0.00064,17.0,11.1,0.0015,15.8,11.1,GCA_000006355.3
CAA9986774.1, -, PTHR13335.orig.30.pi, -,0.23,8.6,25.1,0.019,12.2,13.9,GCA_000006355.3
