tar,tid,qry,qid,eva,sca,bia,evd,scd,bid,Accn
KAF4681569.1, -, PTHR13335.orig.30.pi, -,0.00051,18.9,0.6,0.0006,18.7,0.6,GCA_013115135.1
KAF4692258.1, -, PTHR13335.orig.30.pi, -,0.00095,18.0,15.7,0.0011,17.8,15.7,GCA_013115135.1
KAF4690518.1, -, PTHR13335.orig.30.pi, -,0.02,13.6,9.4,0.043,12.6,9.4,GCA_013115135.1
KAF4690151.1, -, PTHR13335.orig.30.pi, -,0.045,12.5,19.6,0.058,12.1,19.6,GCA_013115135.1
KAF4685744.1, -, PTHR13335.orig.30.pi, -,0.11,11.2,6.0,0.11,11.2,6.0,GCA_013115135.1
KAF4684812.1, -, PTHR13335.orig.30.pi, -,1.9,7.1,6.1,2.2,6.9,6.1,GCA_013115135.1
