tar,tid,qry,qid,eva,sca,bia,evd,scd,bid,Accn
SBT50438.1, -, PTHR13335.orig.30.pi, -,2.4e-06,25.7,20.2,2.9e-06,25.4,20.2,GCA_900088485.1
SBT34775.1, -, PTHR13335.orig.30.pi, -,0.00053,18.0,19.4,0.00065,17.7,19.4,GCA_900088485.1
SBT35985.1, -, PTHR13335.orig.30.pi, -,0.24,9.2,5.7,0.3,8.9,5.7,GCA_900088485.1
SBT47460.1, -, PTHR13335.orig.30.pi, -,5.3,4.8,19.0,0.02,12.7,8.3,GCA_900088485.1
