tar,tid,qry,qid,eva,sca,bia,evd,scd,bid,Accn
KAF7458973.1, -, PTHR13335.orig.30.pi, -,0.00031,17.6,19.5,0.00031,17.6,19.5,GCA_014529505.1
KAF7456660.1, -, PTHR13335.orig.30.pi, -,0.0057,13.4,11.6,0.0058,13.4,11.6,GCA_014529505.1
