tar,tid,qry,qid,eva,sca,bia,evd,scd,bid,Accn
SBO24264.1, -, PTHR13335.orig.30.pi, -,0.00029,18.2,14.6,0.0003,18.1,14.6,GCA_900004885.2
SBO24351.1, -, PTHR13335.orig.30.pi, -,0.00062,17.0,11.1,0.0014,15.8,11.1,GCA_900004885.2
SBO23607.1, -, PTHR13335.orig.30.pi, -,0.22,8.6,25.1,0.018,12.2,13.9,GCA_900004885.2
