tar,tid,qry,qid,eva,sca,bia,evd,scd,bid,Accn
KAF4656603.1, -, PTHR13335.orig.30.pi, -,4.9e-07,28.3,0.0,8.8e-07,27.5,0.0,GCA_013115115.1
KAF4656183.1, -, PTHR13335.orig.30.pi, -,0.00038,18.8,0.1,0.00038,18.8,0.1,GCA_013115115.1
KAF4655683.1, -, PTHR13335.orig.30.pi, -,0.0007,17.9,22.9,0.0013,17.0,22.9,GCA_013115115.1
KAF4671458.1, -, PTHR13335.orig.30.pi, -,0.0013,17.1,16.4,0.0015,16.8,16.4,GCA_013115115.1
