tar,tid,qry,qid,eva,sca,bia,evd,scd,bid,Accn
SCN12394.1, -, PTHR13335.orig.30.pi, -,0.00038,18.0,36.0,0.00097,16.6,15.2,GCA_900090045.1
SBT87744.1, -, PTHR13335.orig.30.pi, -,0.009,13.4,40.0,0.013,12.8,40.0,GCA_900090045.1
SBT87123.1, -, PTHR13335.orig.30.pi, -,0.73,7.1,28.9,0.0041,14.5,18.4,GCA_900090045.1
SCO94019.1, -, PTHR13335.orig.30.pi, -,1.9,5.8,57.0,1.1,6.4,37.0,GCA_900090045.1
