tar,tid,qry,qid,eva,sca,bia,evd,scd,bid,Accn
SCO73229.1, -, PTHR13335.orig.30.pi, -,2.1e-06,25.5,3.7,2.5e-06,25.2,3.7,GCA_900093535.1
SCO72523.1, -, PTHR13335.orig.30.pi, -,0.00052,17.6,12.7,0.00067,17.2,12.7,GCA_900093535.1
