tar,tid,qry,qid,eva,sca,bia,evd,scd,bid,Accn
SBO29728.1, -, PTHR13335.orig.30.pi, -,0.00029,18.2,14.6,0.00029,18.1,14.6,GCA_900005025.2
SBO26694.1, -, PTHR13335.orig.30.pi, -,0.00061,17.0,11.1,0.0014,15.8,11.1,GCA_900005025.2
SBO25168.1, -, PTHR13335.orig.30.pi, -,0.22,8.6,25.1,0.018,12.2,13.9,GCA_900005025.2
