tar,tid,qry,qid,eva,sca,bia,evd,scd,bid,Accn
CAG9476522.1, -, PTHR13335.orig.30.pi, -,0.0005,17.6,9.2,0.00056,17.4,9.2,GCA_914969965.1
CAG9474977.1, -, PTHR13335.orig.30.pi, -,0.00052,17.5,0.9,0.00057,17.4,0.9,GCA_914969965.1
CAG9484868.1, -, PTHR13335.orig.30.pi, -,0.14,9.5,30.6,0.014,12.8,25.8,GCA_914969965.1
CAG9472345.1, -, PTHR13335.orig.30.pi, -,0.21,8.9,19.9,0.34,8.2,19.9,GCA_914969965.1
