tar,tid,qry,qid,eva,sca,bia,evd,scd,bid,Accn
SCO67136.1, -, PTHR13335.orig.30.pi, -,0.00061,17.3,11.0,0.00065,17.2,11.0,GCA_900093545.1
SCO64956.1, -, PTHR13335.orig.30.pi, -,0.26,8.6,18.5,0.034,11.5,14.0,GCA_900093545.1
