tar,tid,qry,qid,eva,sca,bia,evd,scd,bid,Accn
OTN68592.1, -, PTHR13335.orig.30.pi, -,0.00029,18.2,14.6,0.0003,18.1,14.6,GCA_002140095.1
OTN66405.1, -, PTHR13335.orig.30.pi, -,0.00062,17.0,11.1,0.0014,15.8,11.1,GCA_002140095.1
OTN66732.1, -, PTHR13335.orig.30.pi, -,0.22,8.6,25.1,0.019,12.2,13.9,GCA_002140095.1
