tar,tid,qry,qid,eva,sca,bia,evd,scd,bid,Accn
KAH9094540.1, -, PTHR13335.orig.30.pi, -,9.3e-57,193.6,0.2,1.3e-56,193.1,0.2,GCA_021527785.1
KAH9082750.1, -, PTHR13335.orig.30.pi, -,3.2e-06,26.6,21.3,3.2e-06,26.6,21.3,GCA_021527785.1
KAH9096137.1, -, PTHR13335.orig.30.pi, -,0.00084,18.6,19.4,0.00095,18.5,19.4,GCA_021527785.1
KAH9127798.1, -, PTHR13335.orig.30.pi, -,0.0085,15.3,0.0,0.013,14.8,0.0,GCA_021527785.1
KAH9120178.1, -, PTHR13335.orig.30.pi, -,0.26,10.4,13.1,0.32,10.1,13.1,GCA_021527785.1
KAH9158560.1, -, PTHR13335.orig.30.pi, -,1.3,8.1,19.2,1.7,7.8,19.2,GCA_021527785.1
KAH9160404.1, -, PTHR13335.orig.30.pi, -,5.1,6.2,8.0,0.77,8.9,3.8,GCA_021527785.1
