tar,tid,qry,qid,eva,sca,bia,evd,scd,bid,Accn
KAG6964422.1, -, PTHR13335.orig.30.pi, -,4.2e-71,240.9,0.2,5.2e-71,240.6,0.2,GCA_018873755.1
KAG6970292.1, -, PTHR13335.orig.30.pi, -,0.00041,19.5,3.4,0.00051,19.2,3.4,GCA_018873755.1
KAG6952553.1, -, PTHR13335.orig.30.pi, -,0.025,13.6,0.1,0.033,13.2,0.1,GCA_018873755.1
KAG6941711.1, -, PTHR13335.orig.30.pi, -,0.8,8.6,23.6,0.87,8.5,23.6,GCA_018873755.1
KAG6944969.1, -, PTHR13335.orig.30.pi, -,3.4,6.5,42.2,5.4,5.9,42.2,GCA_018873755.1
KAG6966650.1, -, PTHR13335.orig.30.pi, -,7.1,5.5,33.5,8.0,5.3,33.5,GCA_018873755.1
