tar,tid,qry,qid,eva,sca,bia,evd,scd,bid,Accn
KNB45225.1, -, PTHR13335.orig.30.pi, -,3.4e-06,24.6,14.0,0.0082,13.5,2.7,GCA_000743755.1
KNB42328.1, -, PTHR13335.orig.30.pi, -,0.00016,19.2,19.0,0.00024,18.5,19.0,GCA_000743755.1
