tar,tid,qry,qid,eva,sca,bia,evd,scd,bid,Accn
KAE9026623.1, -, PTHR13335.orig.30.pi, -,7.1e-67,227.7,0.1,9.2e-67,227.4,0.1,GCA_009732925.1
KAE9019719.1, -, PTHR13335.orig.30.pi, -,0.00026,21.0,0.3,0.00041,20.3,0.0,GCA_009732925.1
KAE9003853.1, -, PTHR13335.orig.30.pi, -,0.00088,19.2,3.8,0.00094,19.2,3.8,GCA_009732925.1
KAE8969562.1, -, PTHR13335.orig.30.pi, -,0.019,14.8,12.5,0.02,14.8,12.5,GCA_009732925.1
KAE8978575.1, -, PTHR13335.orig.30.pi, -,0.048,13.5,4.5,0.043,13.7,4.5,GCA_009732925.1
KAE9004775.1, -, PTHR13335.orig.30.pi, -,0.11,12.3,21.4,0.04,13.8,19.4,GCA_009732925.1
KAE9029669.1, -, PTHR13335.orig.30.pi, -,2.0,8.2,32.9,15.0,5.2,32.9,GCA_009732925.1
