tar,tid,qry,qid,eva,sca,bia,evd,scd,bid,Accn
RLN59408.1, -, PTHR13335.orig.30.pi, -,2.7e-66,224.1,0.0,3.4e-66,223.8,0.0,GCA_001712705.2
RLN60179.1, -, PTHR13335.orig.30.pi, -,9e-11,40.6,16.7,9.4e-11,40.5,16.7,GCA_001712705.2
RLN68622.1, -, PTHR13335.orig.30.pi, -,2.7e-05,22.5,5.9,3.4e-05,22.2,5.9,GCA_001712705.2
RLN68442.1, -, PTHR13335.orig.30.pi, -,0.00054,18.2,1.8,0.00085,17.5,1.8,GCA_001712705.2
RLN55265.1, -, PTHR13335.orig.30.pi, -,0.025,12.7,1.4,0.53,8.3,1.0,GCA_001712705.2
