tar,tid,qry,qid,eva,sca,bia,evd,scd,bid,Accn
KAE8907541.1, -, PTHR13335.orig.30.pi, -,1.8e-67,230.0,0.2,2.2e-67,229.7,0.2,GCA_009729455.1
KAE8907210.1, -, PTHR13335.orig.30.pi, -,8.6e-05,22.9,6.0,0.00012,22.3,6.0,GCA_009729455.1
KAE8896599.1, -, PTHR13335.orig.30.pi, -,0.00031,21.0,0.3,0.00051,20.3,0.0,GCA_009729455.1
KAE8891212.1, -, PTHR13335.orig.30.pi, -,0.0011,19.2,3.8,0.0011,19.2,3.8,GCA_009729455.1
KAE8886503.1, -, PTHR13335.orig.30.pi, -,0.015,15.5,44.9,0.019,15.1,44.9,GCA_009729455.1
KAE8912778.1, -, PTHR13335.orig.30.pi, -,0.02,15.1,2.6,0.018,15.2,2.6,GCA_009729455.1
KAE8903749.1, -, PTHR13335.orig.30.pi, -,0.088,12.9,6.2,0.085,13.0,6.2,GCA_009729455.1
KAE8884962.1, -, PTHR13335.orig.30.pi, -,0.14,12.3,21.4,0.049,13.8,19.4,GCA_009729455.1
KAE8914232.1, -, PTHR13335.orig.30.pi, -,4.1,7.4,4.0,5.0,7.1,4.0,GCA_009729455.1
