tar,tid,qry,qid,eva,sca,bia,evd,scd,bid,Accn
CAH0492207.1, -, PTHR13335.orig.30.pi, -,7.4e-61,206.1,5.6,1.7e-60,204.9,5.6,GCA_920940705.1
CAH0493401.1, -, PTHR13335.orig.30.pi, -,0.00016,19.9,7.1,0.00016,19.9,7.1,GCA_920940705.1
CAH0488677.1, -, PTHR13335.orig.30.pi, -,0.013,13.6,6.9,0.015,13.4,6.9,GCA_920940705.1
CAH0485873.1, -, PTHR13335.orig.30.pi, -,0.016,13.3,7.2,0.016,13.3,7.2,GCA_920940705.1
CAH0492514.1, -, PTHR13335.orig.30.pi, -,0.019,13.1,30.7,0.021,13.0,30.7,GCA_920940705.1
CAH0493431.1, -, PTHR13335.orig.30.pi, -,0.058,11.5,21.4,0.073,11.1,21.4,GCA_920940705.1
CAH0485274.1, -, PTHR13335.orig.30.pi, -,0.14,10.2,8.6,0.18,9.8,8.6,GCA_920940705.1
