tar,tid,qry,qid,eva,sca,bia,evd,scd,bid,Accn
KAI9985623.1, -, PTHR13335.orig.30.pi, -,0.0001,21.6,4.2,0.00012,21.4,4.2,GCA_026225685.1
KAI9984266.1, -, PTHR13335.orig.30.pi, -,0.00094,18.4,0.9,0.0013,17.9,0.9,GCA_026225685.1
KAI9998910.1, -, PTHR13335.orig.30.pi, -,4.8,6.1,26.2,7.8,5.4,26.2,GCA_026225685.1
