tar,tid,qry,qid,eva,sca,bia,evd,scd,bid,Accn
CAH0479681.1, -, PTHR13335.orig.30.pi, -,4.4e-65,220.1,2.4,7.5e-65,219.3,2.4,GCA_920618645.1
CAH0476239.1, -, PTHR13335.orig.30.pi, -,0.00033,18.9,7.9,0.00033,18.9,7.9,GCA_920618645.1
