tar,tid,qry,qid,eva,sca,bia,evd,scd,bid,Accn
KAH9153983.1, -, PTHR13335.orig.30.pi, -,1.8e-57,196.0,0.7,3.3e-57,195.1,0.7,GCA_021527745.1
KAH9153035.1, -, PTHR13335.orig.30.pi, -,3.8e-05,23.1,17.4,3.8e-05,23.1,17.4,GCA_021527745.1
KAH9139531.1, -, PTHR13335.orig.30.pi, -,0.00042,19.7,19.3,0.00047,19.5,19.3,GCA_021527745.1
KAH9142427.1, -, PTHR13335.orig.30.pi, -,0.0015,17.8,0.2,0.0015,17.8,0.2,GCA_021527745.1
KAH9154575.1, -, PTHR13335.orig.30.pi, -,0.0086,15.3,0.0,0.013,14.8,0.0,GCA_021527745.1
KAH9155402.1, -, PTHR13335.orig.30.pi, -,0.2,10.8,13.0,0.23,10.6,13.0,GCA_021527745.1
KAH9148641.1, -, PTHR13335.orig.30.pi, -,0.23,10.6,24.6,0.27,10.4,24.6,GCA_021527745.1
KAH9140612.1, -, PTHR13335.orig.30.pi, -,2.6,7.1,19.6,3.2,6.8,19.6,GCA_021527745.1
