tar,tid,qry,qid,eva,sca,bia,evd,scd,bid,Accn
KAH9195880.1, -, PTHR13335.orig.30.pi, -,8.6e-57,193.6,0.2,1.2e-56,193.1,0.2,GCA_021527805.1
KAH9187835.1, -, PTHR13335.orig.30.pi, -,4e-06,26.2,20.6,4e-06,26.2,20.6,GCA_021527805.1
KAH9183192.1, -, PTHR13335.orig.30.pi, -,0.00078,18.6,19.4,0.00088,18.5,19.4,GCA_021527805.1
KAH9193013.1, -, PTHR13335.orig.30.pi, -,0.0079,15.3,0.0,0.012,14.8,0.0,GCA_021527805.1
KAH9191030.1, -, PTHR13335.orig.30.pi, -,0.038,13.1,9.5,0.033,13.3,8.3,GCA_021527805.1
KAH9193773.1, -, PTHR13335.orig.30.pi, -,0.24,10.4,13.1,0.29,10.1,13.1,GCA_021527805.1
KAH9183146.1, -, PTHR13335.orig.30.pi, -,1.2,8.1,19.2,1.5,7.8,19.2,GCA_021527805.1
KAH9197766.1, -, PTHR13335.orig.30.pi, -,4.7,6.2,8.0,0.71,8.9,3.8,GCA_021527805.1
