tar,tid,qry,qid,eva,sca,bia,evd,scd,bid,Accn
RLN51210.1, -, PTHR13335.orig.30.pi, -,1.6e-66,224.8,0.0,2.1e-66,224.5,0.0,GCA_001712645.2
RLN67508.1, -, PTHR13335.orig.30.pi, -,9.1e-11,40.6,16.7,9.5e-11,40.5,16.7,GCA_001712645.2
RLN49468.1, -, PTHR13335.orig.30.pi, -,0.00024,19.4,2.5,0.00037,18.8,2.5,GCA_001712645.2
RLN45553.1, -, PTHR13335.orig.30.pi, -,0.025,12.7,1.4,0.54,8.3,1.0,GCA_001712645.2
