tar,tid,qry,qid,eva,sca,bia,evd,scd,bid,Accn
KAF0728599.1, -, PTHR13335.orig.30.pi, -,5.2e-57,194.4,0.9,1.1e-56,193.4,0.9,GCA_009835175.1
KAF0722110.1, -, PTHR13335.orig.30.pi, -,2e-05,23.9,17.3,2e-05,23.9,17.3,GCA_009835175.1
KAF0736654.1, -, PTHR13335.orig.30.pi, -,0.00085,18.5,19.4,0.00096,18.4,19.4,GCA_009835175.1
KAF0731514.1, -, PTHR13335.orig.30.pi, -,0.008,15.3,0.0,0.012,14.8,0.0,GCA_009835175.1
KAF0733824.1, -, PTHR13335.orig.30.pi, -,0.18,10.8,13.0,0.22,10.6,13.0,GCA_009835175.1
KAF0733827.1, -, PTHR13335.orig.30.pi, -,2.4,7.1,19.6,3.0,6.8,19.6,GCA_009835175.1
