tar,tid,qry,qid,eva,sca,bia,evd,scd,bid,Accn
CBK23392.2, -, PTHR13335.orig.30.pi, -,6.7e-06,23.8,4.0,6.7e-06,23.8,4.0,GCA_000151665.1
CBK23412.2, -, PTHR13335.orig.30.pi, -,0.00071,17.1,2.2,0.00079,16.9,2.2,GCA_000151665.1
CBK19802.2, -, PTHR13335.orig.30.pi, -,0.00087,16.8,8.4,0.00098,16.6,8.4,GCA_000151665.1
CBK25055.2, -, PTHR13335.orig.30.pi, -,0.0089,13.4,24.3,0.011,13.1,24.3,GCA_000151665.1
CBK21363.2, -, PTHR13335.orig.30.pi, -,2.3,5.5,29.7,3.3,4.9,29.3,GCA_000151665.1
