tar,tid,qry,qid,eva,sca,bia,evd,scd,bid,Accn
OWZ21542.1, -, PTHR13335.orig.30.pi, -,1.2e-59,203.9,0.0,1.5e-59,203.6,0.0,GCA_002215365.1
OWZ15027.1, -, PTHR13335.orig.30.pi, -,0.00072,19.6,19.1,0.00087,19.3,19.1,GCA_002215365.1
OWZ06569.1, -, PTHR13335.orig.30.pi, -,0.00096,19.2,6.8,0.0013,18.7,6.8,GCA_002215365.1
OWZ13453.1, -, PTHR13335.orig.30.pi, -,0.0044,17.0,2.6,0.0055,16.7,2.6,GCA_002215365.1
OWY91092.1, -, PTHR13335.orig.30.pi, -,1.9,8.2,21.9,2.0,8.2,21.9,GCA_002215365.1
