tar,tid,qry,qid,eva,sca,bia,evd,scd,bid,Accn
EKU21636.1, -, PTHR13335.orig.30.pi, -,2.8e-06,24.3,14.4,2.8e-06,24.3,14.4,GCA_000240725.1
EKU21576.1, -, PTHR13335.orig.30.pi, -,0.00021,18.1,1.9,0.00023,17.9,1.9,GCA_000240725.1
EKU22057.1, -, PTHR13335.orig.30.pi, -,2.9,4.4,15.9,10.0,2.6,16.2,GCA_000240725.1
