tar,tid,qry,qid,eva,sca,bia,evd,scd,bid,Accn
KAK8799046.1, -, PTHR13335.orig.30.pi, -,7.1e-15,53.7,12.2,6.6e-11,40.6,1.6,GCA_039096195.1
KAK8806148.1, -, PTHR13335.orig.30.pi, -,0.00021,19.2,19.0,0.00032,18.5,19.0,GCA_039096195.1
