tar,tid,qry,qid,eva,sca,bia,evd,scd,bid,Accn
KAE9248989.1, -, PTHR13335.orig.30.pi, -,4.3e-67,228.5,0.2,5.6e-67,228.1,0.2,GCA_009733045.1
KAE9202181.1, -, PTHR13335.orig.30.pi, -,7e-05,22.9,6.0,0.0001,22.3,6.0,GCA_009733045.1
KAE9239723.1, -, PTHR13335.orig.30.pi, -,0.00026,21.0,0.3,0.00041,20.3,0.0,GCA_009733045.1
KAE9236375.1, -, PTHR13335.orig.30.pi, -,0.016,15.1,45.5,0.022,14.6,45.5,GCA_009733045.1
KAE9242400.1, -, PTHR13335.orig.30.pi, -,0.016,15.0,4.5,0.019,14.9,4.5,GCA_009733045.1
KAE9198435.1, -, PTHR13335.orig.30.pi, -,0.11,12.3,21.4,0.04,13.8,19.4,GCA_009733045.1
KAE9254005.1, -, PTHR13335.orig.30.pi, -,0.67,9.7,30.6,4.7,6.9,30.6,GCA_009733045.1
KAE9172248.1, -, PTHR13335.orig.30.pi, -,3.4,7.4,4.0,4.1,7.1,4.0,GCA_009733045.1
KAE9160813.1, -, PTHR13335.orig.30.pi, -,7.8,6.2,7.1,9.1,6.0,7.1,GCA_009733045.1
