tar,tid,qry,qid,eva,sca,bia,evd,scd,bid,Accn
KAI2495894.1, -, PTHR13335.orig.30.pi, -,0.00016,21.3,14.3,0.00033,20.3,14.3,GCA_022925895.1
KAI2492377.1, -, PTHR13335.orig.30.pi, -,0.014,14.9,0.9,0.017,14.6,0.9,GCA_022925895.1
KAI2492979.1, -, PTHR13335.orig.30.pi, -,0.1,12.0,21.2,0.098,12.1,21.2,GCA_022925895.1
KAI2512940.1, -, PTHR13335.orig.30.pi, -,0.21,11.0,39.6,0.3,10.5,39.6,GCA_022925895.1
KAI2504950.1, -, PTHR13335.orig.30.pi, -,8.6,5.7,18.1,15.0,4.9,18.1,GCA_022925895.1
