tar,tid,qry,qid,eva,sca,bia,evd,scd,bid,Accn
KAE9327650.1, -, PTHR13335.orig.30.pi, -,1.5e-67,230.0,0.2,1.8e-67,229.7,0.2,GCA_009733105.1
KAE9315167.1, -, PTHR13335.orig.30.pi, -,0.00026,21.0,0.3,0.00042,20.3,0.0,GCA_009733105.1
KAE9308604.1, -, PTHR13335.orig.30.pi, -,0.00089,19.2,3.8,0.00095,19.2,3.8,GCA_009733105.1
KAE9322484.1, -, PTHR13335.orig.30.pi, -,0.012,15.5,44.9,0.016,15.1,44.9,GCA_009733105.1
KAE9323102.1, -, PTHR13335.orig.30.pi, -,0.017,15.0,4.5,0.019,14.9,4.5,GCA_009733105.1
KAE9300831.1, -, PTHR13335.orig.30.pi, -,0.11,12.3,21.4,0.04,13.8,19.4,GCA_009733105.1
KAE9273349.1, -, PTHR13335.orig.30.pi, -,0.38,10.6,17.6,0.39,10.5,17.6,GCA_009733105.1
KAE9328640.1, -, PTHR13335.orig.30.pi, -,2.0,8.2,32.9,15.0,5.2,32.9,GCA_009733105.1
KAE9269662.1, -, PTHR13335.orig.30.pi, -,3.4,7.4,4.0,4.2,7.1,4.0,GCA_009733105.1
