tar,tid,qry,qid,eva,sca,bia,evd,scd,bid,Accn
KAG2530060.1, -, PTHR13335.orig.30.pi, -,1.4e-66,225.0,0.0,1.8e-66,224.6,0.0,GCA_000785725.3
KAG2529659.1, -, PTHR13335.orig.30.pi, -,0.00032,18.9,1.1,0.00032,18.9,1.1,GCA_000785725.3
KAG2511695.1, -, PTHR13335.orig.30.pi, -,0.015,13.4,2.1,0.65,8.0,1.5,GCA_000785725.3
