tar,tid,qry,qid,eva,sca,bia,evd,scd,bid,Accn
KAH9094055.1, -, PTHR13335.orig.30.pi, -,1.9e-57,196.0,0.7,3.5e-57,195.1,0.7,GCA_021527685.1
KAH9071908.1, -, PTHR13335.orig.30.pi, -,4e-05,23.1,17.4,4e-05,23.1,17.4,GCA_021527685.1
KAH9052397.1, -, PTHR13335.orig.30.pi, -,0.00082,18.8,19.1,0.00091,18.6,19.1,GCA_021527685.1
KAH9058688.1, -, PTHR13335.orig.30.pi, -,0.0091,15.3,0.0,0.014,14.8,0.0,GCA_021527685.1
KAH9080135.1, -, PTHR13335.orig.30.pi, -,0.082,12.2,7.8,0.093,12.0,7.8,GCA_021527685.1
KAH9070489.1, -, PTHR13335.orig.30.pi, -,0.21,10.8,13.0,0.25,10.6,13.0,GCA_021527685.1
KAH9070583.1, -, PTHR13335.orig.30.pi, -,2.8,7.1,19.6,3.4,6.8,19.6,GCA_021527685.1
KAH9087388.1, -, PTHR13335.orig.30.pi, -,3.0,7.0,23.6,3.4,6.8,23.6,GCA_021527685.1
