tar,tid,qry,qid,eva,sca,bia,evd,scd,bid,Accn
KAE9231705.1, -, PTHR13335.orig.30.pi, -,1.5e-67,230.0,0.2,1.8e-67,229.7,0.2,GCA_009732985.1
KAE9227219.1, -, PTHR13335.orig.30.pi, -,0.00026,21.0,0.3,0.00042,20.3,0.0,GCA_009732985.1
KAE9204611.1, -, PTHR13335.orig.30.pi, -,0.00089,19.2,3.8,0.00095,19.2,3.8,GCA_009732985.1
KAE9214277.1, -, PTHR13335.orig.30.pi, -,0.012,15.5,44.9,0.016,15.1,44.9,GCA_009732985.1
KAE9227386.1, -, PTHR13335.orig.30.pi, -,0.017,15.0,4.5,0.019,14.9,4.5,GCA_009732985.1
KAE9204756.1, -, PTHR13335.orig.30.pi, -,0.11,12.3,21.4,0.041,13.8,19.4,GCA_009732985.1
KAE9189514.1, -, PTHR13335.orig.30.pi, -,0.38,10.6,17.6,0.39,10.5,17.6,GCA_009732985.1
KAE9236099.1, -, PTHR13335.orig.30.pi, -,2.0,8.2,32.9,16.0,5.2,32.9,GCA_009732985.1
KAE9165677.1, -, PTHR13335.orig.30.pi, -,3.4,7.4,4.0,4.2,7.1,4.0,GCA_009732985.1
