tar,tid,qry,qid,eva,sca,bia,evd,scd,bid,Accn
OQR99815.1, -, PTHR13335.orig.30.pi, -,8.3e-49,166.8,0.0,9.7e-49,166.6,0.0,GCA_002081595.1
OQR98354.1, -, PTHR13335.orig.30.pi, -,0.00018,20.3,6.5,0.00023,19.9,6.5,GCA_002081595.1
OQR87060.1, -, PTHR13335.orig.30.pi, -,0.0016,17.2,27.1,0.0023,16.6,27.1,GCA_002081595.1
OQR88316.1, -, PTHR13335.orig.30.pi, -,0.0081,14.8,9.6,3.0,6.3,0.0,GCA_002081595.1
OQR82686.1, -, PTHR13335.orig.30.pi, -,0.054,12.1,11.5,0.059,12.0,11.5,GCA_002081595.1
