tar,tid,qry,qid,eva,sca,bia,evd,scd,bid,Accn
KAF1332338.1, -, PTHR13335.orig.30.pi, -,1.2e-58,199.6,3.2,2.1e-58,198.8,3.2,GCA_006386115.1
KAF1318689.1, -, PTHR13335.orig.30.pi, -,0.00069,18.6,17.4,0.0012,17.8,17.4,GCA_006386115.1
KAF1316955.1, -, PTHR13335.orig.30.pi, -,0.00091,18.2,3.3,0.00091,18.2,3.3,GCA_006386115.1
KAF1314941.1, -, PTHR13335.orig.30.pi, -,0.035,13.0,14.3,0.042,12.7,14.3,GCA_006386115.1
KAF1327814.1, -, PTHR13335.orig.30.pi, -,0.11,11.3,16.5,0.15,10.9,16.5,GCA_006386115.1
KAF1320217.1, -, PTHR13335.orig.30.pi, -,0.59,8.9,12.6,0.86,8.4,12.6,GCA_006386115.1
KAF1318444.1, -, PTHR13335.orig.30.pi, -,1.3,7.8,26.6,2.2,7.0,3.1,GCA_006386115.1
KAF1333254.1, -, PTHR13335.orig.30.pi, -,3.3,6.5,35.6,0.0071,15.3,16.3,GCA_006386115.1
KAF1327067.1, -, PTHR13335.orig.30.pi, -,4.2,6.1,39.7,5.0,5.9,39.7,GCA_006386115.1
