tar,tid,qry,qid,eva,sca,bia,evd,scd,bid,Accn
KUF89083.1, -, PTHR13335.orig.30.pi, -,0.00014,20.2,8.3,0.00019,19.7,8.3,GCA_001482985.1
KUF89082.1, -, PTHR13335.orig.30.pi, -,0.00083,17.6,12.1,0.0011,17.2,12.1,GCA_001482985.1
KUF91816.1, -, PTHR13335.orig.30.pi, -,0.0071,14.6,26.8,0.011,13.9,26.8,GCA_001482985.1
KUF98414.1, -, PTHR13335.orig.30.pi, -,0.043,12.0,23.0,0.04,12.1,23.0,GCA_001482985.1
