tar,tid,qry,qid,eva,sca,bia,evd,scd,bid,Accn
KAK8814862.1, -, PTHR13335.orig.30.pi, -,1.6e-15,55.8,4.9,3.2e-08,31.7,0.0,GCA_039096935.1
KAK8829561.1, -, PTHR13335.orig.30.pi, -,0.00029,18.6,0.1,0.00032,18.5,0.1,GCA_039096935.1
KAK8814838.1, -, PTHR13335.orig.30.pi, -,0.0011,16.8,7.2,0.0012,16.6,7.2,GCA_039096935.1
KAK8824701.1, -, PTHR13335.orig.30.pi, -,0.0038,14.9,11.3,0.0058,14.3,11.3,GCA_039096935.1
KAK8817189.1, -, PTHR13335.orig.30.pi, -,0.93,7.0,14.6,1.5,6.4,0.3,GCA_039096935.1
