tar,tid,qry,qid,eva,sca,bia,evd,scd,bid,Accn
KAE9134011.1, -, PTHR13335.orig.30.pi, -,1.5e-67,230.0,0.2,1.8e-67,229.7,0.2,GCA_009733005.1
KAE9136803.1, -, PTHR13335.orig.30.pi, -,0.00026,21.0,0.3,0.00042,20.3,0.0,GCA_009733005.1
KAE9119105.1, -, PTHR13335.orig.30.pi, -,0.016,15.1,45.5,0.022,14.6,45.5,GCA_009733005.1
KAE9129954.1, -, PTHR13335.orig.30.pi, -,0.017,15.0,4.5,0.019,14.9,4.5,GCA_009733005.1
KAE9073386.1, -, PTHR13335.orig.30.pi, -,0.02,14.8,12.5,0.02,14.8,12.5,GCA_009733005.1
KAE9101722.1, -, PTHR13335.orig.30.pi, -,0.11,12.3,21.4,0.04,13.8,19.4,GCA_009733005.1
KAE9137845.1, -, PTHR13335.orig.30.pi, -,0.68,9.7,30.6,4.7,6.9,30.6,GCA_009733005.1
KAE9062644.1, -, PTHR13335.orig.30.pi, -,3.4,7.4,4.0,4.2,7.1,4.0,GCA_009733005.1
