tar,tid,qry,qid,eva,sca,bia,evd,scd,bid,Accn
CEM01627.1, -, PTHR13298.orig.30.pi, -,4.4e-128,428.7,0.0,1.4e-68,231.7,0.0,GCA_001179505.1_Pianissimo_FULL
CEM25924.1, -, PTHR13298.orig.30.pi, -,0.00017,19.4,1.0,0.00017,19.4,1.0,GCA_001179505.1_Pianissimo_FULL
CEL96660.1, -, PTHR13298.orig.30.pi, -,0.00079,17.2,0.0,0.0093,13.6,0.0,GCA_001179505.1_Pianissimo_FULL
CEM35003.1, -, PTHR13298.orig.30.pi, -,0.0016,16.2,0.5,0.38,8.3,0.2,GCA_001179505.1_Pianissimo_FULL
CEM22149.1, -, PTHR13298.orig.30.pi, -,0.002,15.8,0.0,0.0029,15.3,0.0,GCA_001179505.1_Pianissimo_FULL
CEM38603.1, -, PTHR13298.orig.30.pi, -,0.0036,15.0,0.2,0.0067,14.1,0.2,GCA_001179505.1_Pianissimo_FULL
CEM25116.1, -, PTHR13298.orig.30.pi, -,0.02,12.5,0.3,0.029,12.0,0.3,GCA_001179505.1_Pianissimo_FULL
CEL98303.1, -, PTHR13298.orig.30.pi, -,0.3,8.6,0.1,0.5,7.9,0.1,GCA_001179505.1_Pianissimo_FULL
CEM04627.1, -, PTHR13298.orig.30.pi, -,3.5,5.1,6.0,3.9,4.9,0.0,GCA_001179505.1_Pianissimo_FULL
