tar,tid,qry,qid,eva,sca,bia,evd,scd,bid,Accn
AIB09601.1, -, PTHR19842.orig.30.pi, -,2.6e-24,81.0,3.8,1.2e-17,59.1,0.0,GCA_000698435.2
AIB09602.1, -, PTHR19842.orig.30.pi, -,5.7e-11,37.1,0.1,4.2e-09,31.0,0.1,GCA_000698435.2
AIB09848.1, -, PTHR19842.orig.30.pi, -,2e-07,25.5,1.5,3.1e-07,24.8,0.1,GCA_000698435.2
AIB09984.1, -, PTHR19842.orig.30.pi, -,0.00062,14.0,0.1,0.00073,13.8,0.1,GCA_000698435.2
AIB09847.1, -, PTHR19842.orig.30.pi, -,0.0011,13.2,0.2,0.0024,12.1,0.1,GCA_000698435.2
AIB09834.1, -, PTHR19842.orig.30.pi, -,0.002,12.3,8.4,0.0011,13.2,6.3,GCA_000698435.2
