tar,tid,qry,qid,eva,sca,bia,evd,scd,bid,Accn
CXI62483.1, -, PTHR11139.orig.30.pi, -,1.3e-15,54.3,1.4,3e-15,53.1,1.4,GCA_900044335.1
CXI27427.1, -, PTHR11139.orig.30.pi, -,1.4e-09,34.3,0.0,2e-09,33.8,0.0,GCA_900044335.1
CXI61086.1, -, PTHR11139.orig.30.pi, -,3.5e-08,29.7,0.1,7.5e-08,28.6,0.1,GCA_900044335.1
CXJ10067.1, -, PTHR11139.orig.30.pi, -,7e-07,25.4,0.0,0.00018,17.3,0.0,GCA_900044335.1
CXI45274.1, -, PTHR11139.orig.30.pi, -,0.00057,15.7,1.8,0.1,8.2,0.2,GCA_900044335.1
CXI42238.1, -, PTHR11139.orig.30.pi, -,0.0013,14.6,3.7,0.0015,14.4,3.7,GCA_900044335.1
