tar,tid,qry,qid,eva,sca,bia,evd,scd,bid,Accn
GBE59843.1, -, PTHR11139.orig.30.pi, -,4.3e-96,321.3,6.2,4.3e-96,321.3,6.2,GCA_002897235.1
GBE58794.1, -, PTHR11139.orig.30.pi, -,4.6e-45,152.0,29.6,7.8e-45,151.3,23.8,GCA_002897235.1
GBE61396.1, -, PTHR11139.orig.30.pi, -,4.7e-15,52.5,1.8,3.7e-14,49.5,1.8,GCA_002897235.1
GBE60439.1, -, PTHR11139.orig.30.pi, -,2.3e-14,50.1,0.0,4e-14,49.4,0.0,GCA_002897235.1
GBE59762.1, -, PTHR11139.orig.30.pi, -,8.6e-07,25.1,2.3,0.00019,17.3,0.4,GCA_002897235.1
GBE61854.1, -, PTHR11139.orig.30.pi, -,1.3e-05,21.2,0.2,1.6e-05,20.9,0.2,GCA_002897235.1
GBE61675.1, -, PTHR11139.orig.30.pi, -,0.00094,15.0,0.2,0.00094,15.0,0.2,GCA_002897235.1
GBE60633.1, -, PTHR11139.orig.30.pi, -,0.023,10.4,2.1,0.027,10.2,2.1,GCA_002897235.1
