tar,tid,qry,qid,eva,sca,bia,evd,scd,bid,Accn
CDR95978.1, -, PTHR11139.orig.30.pi, -,8.5e-102,340.3,3.6,5e-103,340.3,3.6,GCA_000981445.1
CDR96761.1, -, PTHR11139.orig.30.pi, -,5.6e-49,165.0,10.9,5.6e-49,165.0,10.9,GCA_000981445.1
CDR94396.1, -, PTHR11139.orig.30.pi, -,1.1e-14,51.2,0.0,1.9e-14,50.5,0.0,GCA_000981445.1
CDR95416.1, -, PTHR11139.orig.30.pi, -,8.7e-13,45.0,0.8,6.3e-12,42.1,0.8,GCA_000981445.1
CDR94938.1, -, PTHR11139.orig.30.pi, -,0.0002,17.2,4.3,0.0094,11.7,2.7,GCA_000981445.1
CDR97462.1, -, PTHR11139.orig.30.pi, -,0.00021,17.1,0.5,0.00038,16.3,0.5,GCA_000981445.1
CDR95103.1, -, PTHR11139.orig.30.pi, -,0.00089,15.1,0.2,0.00089,15.1,0.2,GCA_000981445.1
CDR94197.1, -, PTHR11139.orig.30.pi, -,0.042,9.5,0.3,0.042,9.5,0.3,GCA_000981445.1
