tar,tid,qry,qid,eva,sca,bia,evd,scd,bid,Accn
CAD2108414.1, -, PTHR11139.orig.30.pi, -,1.3e-15,54.4,1.2,2.9e-15,53.2,1.2,GCA_903994265.1
CAD2102027.1, -, PTHR11139.orig.30.pi, -,5e-10,35.9,0.0,7e-10,35.4,0.0,GCA_903994265.1
CAD2108254.1, -, PTHR11139.orig.30.pi, -,3.6e-08,29.7,0.1,7.6e-08,28.6,0.1,GCA_903994265.1
CAD2109130.1, -, PTHR11139.orig.30.pi, -,6.8e-07,25.5,0.0,1.8e-06,24.1,0.0,GCA_903994265.1
CAD2112640.1, -, PTHR11139.orig.30.pi, -,5.6e-06,22.4,0.0,3.4e-05,19.8,0.0,GCA_903994265.1
CAD2103704.1, -, PTHR11139.orig.30.pi, -,0.00033,16.6,1.7,0.064,9.0,0.1,GCA_903994265.1
CAD2104481.1, -, PTHR11139.orig.30.pi, -,0.00074,15.4,4.3,0.00082,15.2,4.3,GCA_903994265.1
