tar,tid,qry,qid,eva,sca,bia,evd,scd,bid,Accn
SCN61039.1, -, PTHR11139.orig.30.pi, -,1.3e-15,54.4,1.2,2.9e-15,53.2,1.2,GCA_900095565.1
SCM09850.1, -, PTHR11139.orig.30.pi, -,5.6e-10,35.7,0.0,7.7e-10,35.3,0.0,GCA_900095565.1
SCL94439.1, -, PTHR11139.orig.30.pi, -,7.8e-10,35.2,0.1,4.1e-09,32.8,0.1,GCA_900095565.1
SCN60927.1, -, PTHR11139.orig.30.pi, -,3.1e-08,29.9,0.0,7.3e-08,28.7,0.0,GCA_900095565.1
SCM13520.1, -, PTHR11139.orig.30.pi, -,1.4e-06,24.4,1.1,3.1e-06,23.3,0.4,GCA_900095565.1
SCN60590.1, -, PTHR11139.orig.30.pi, -,0.00061,15.7,4.3,0.00074,15.4,4.3,GCA_900095565.1
SCN60199.1, -, PTHR11139.orig.30.pi, -,0.018,10.8,9.1,0.076,8.7,0.2,GCA_900095565.1
