tar,tid,qry,qid,eva,sca,bia,evd,scd,bid,Accn
GFE55202.1, -, PTHR11139.orig.30.pi, -,1.7e-100,335.4,34.9,6e-101,334.8,34.9,GCA_023705535.2
GFE53382.1, -, PTHR11139.orig.30.pi, -,2e-40,136.1,21.7,2e-40,136.1,21.7,GCA_023705535.2
GFE54128.1, -, PTHR11139.orig.30.pi, -,3.4e-15,52.4,0.0,6.2e-15,51.5,0.0,GCA_023705535.2
GFE55711.1, -, PTHR11139.orig.30.pi, -,3.7e-15,52.3,0.2,9.8e-15,50.9,0.2,GCA_023705535.2
GFE54578.1, -, PTHR11139.orig.30.pi, -,6.3e-07,25.0,0.2,6.3e-07,25.0,0.2,GCA_023705535.2
GFE53574.1, -, PTHR11139.orig.30.pi, -,0.00037,15.8,0.2,0.00082,14.6,0.2,GCA_023705535.2
GFE54440.1, -, PTHR11139.orig.30.pi, -,0.0057,11.8,2.4,0.015,10.4,1.7,GCA_023705535.2
