tar,tid,qry,qid,eva,sca,bia,evd,scd,bid,Accn
SCN61048.1, -, PTHR11139.orig.30.pi, -,1.2e-15,54.4,1.2,2.9e-15,53.2,1.2,GCA_900095605.1
SCM03016.1, -, PTHR11139.orig.30.pi, -,5.4e-10,35.7,0.0,7.4e-10,35.3,0.0,GCA_900095605.1
SCL92158.1, -, PTHR11139.orig.30.pi, -,9.6e-10,34.9,0.0,4.8e-09,32.6,0.0,GCA_900095605.1
SCN60942.1, -, PTHR11139.orig.30.pi, -,2.6e-08,30.1,0.0,6.6e-08,28.8,0.0,GCA_900095605.1
SCN62596.1, -, PTHR11139.orig.30.pi, -,4e-08,29.5,0.0,1.1e-07,28.1,0.0,GCA_900095605.1
SCN60589.1, -, PTHR11139.orig.30.pi, -,0.00059,15.7,4.3,0.00072,15.4,4.3,GCA_900095605.1
SCN60200.1, -, PTHR11139.orig.30.pi, -,0.11,8.2,10.8,0.13,7.9,0.4,GCA_900095605.1
