tar,tid,qry,qid,eva,sca,bia,evd,scd,bid,Accn
CAD2108442.1, -, PTHR11139.orig.30.pi, -,1.3e-15,54.4,1.2,2.9e-15,53.2,1.2,GCA_903994235.1
CAD2102056.1, -, PTHR11139.orig.30.pi, -,5e-10,35.9,0.0,7e-10,35.4,0.0,GCA_903994235.1
CAD2108286.1, -, PTHR11139.orig.30.pi, -,3.6e-08,29.7,0.1,7.6e-08,28.6,0.1,GCA_903994235.1
CAD2109147.1, -, PTHR11139.orig.30.pi, -,9.2e-07,25.0,0.0,2.2e-06,23.8,0.0,GCA_903994235.1
CAD2112782.1, -, PTHR11139.orig.30.pi, -,6.5e-06,22.2,0.0,0.00011,18.1,0.0,GCA_903994235.1
CAD2103779.1, -, PTHR11139.orig.30.pi, -,0.00035,16.5,2.3,0.048,9.4,0.1,GCA_903994235.1
CAD2104554.1, -, PTHR11139.orig.30.pi, -,0.00074,15.4,4.3,0.00082,15.2,4.3,GCA_903994235.1
