tar,tid,qry,qid,eva,sca,bia,evd,scd,bid,Accn
SCN26740.1, -, PTHR11139.orig.30.pi, -,1.3e-15,54.3,1.4,2.9e-15,53.1,1.4,GCA_900088445.1
SCN26687.1, -, PTHR11139.orig.30.pi, -,3.4e-08,29.7,0.1,7.2e-08,28.6,0.1,GCA_900088445.1
SCN28189.1, -, PTHR11139.orig.30.pi, -,6.8e-07,25.4,0.0,0.00018,17.3,0.0,GCA_900088445.1
SCN25567.1, -, PTHR11139.orig.30.pi, -,0.00055,15.7,1.8,0.1,8.2,0.2,GCA_900088445.1
SCN25260.1, -, PTHR11139.orig.30.pi, -,0.0012,14.6,3.7,0.0014,14.4,3.7,GCA_900088445.1
