tar,tid,qry,qid,eva,sca,bia,evd,scd,bid,Accn
CDU18852.1, -, PTHR11139.orig.30.pi, -,8.7e-16,55.1,0.6,1.7e-15,54.1,0.6,GCA_900002395.1
CDU17341.1, -, PTHR11139.orig.30.pi, -,2.4e-09,33.7,0.0,3.2e-09,33.3,0.0,GCA_900002395.1
CDU20394.1, -, PTHR11139.orig.30.pi, -,3e-09,33.4,1.8,1.9e-08,30.7,0.9,GCA_900002395.1
CDU18799.1, -, PTHR11139.orig.30.pi, -,1.5e-08,31.1,0.1,4.4e-08,29.5,0.1,GCA_900002395.1
CDU18141.1, -, PTHR11139.orig.30.pi, -,0.00039,16.4,0.7,0.076,8.8,0.1,GCA_900002395.1
CDU17964.1, -, PTHR11139.orig.30.pi, -,0.00078,15.4,4.4,0.00088,15.2,4.4,GCA_900002395.1
