tar,tid,qry,qid,eva,sca,bia,evd,scd,bid,Accn
PHJ24453.1, -, PTHR11139.orig.30.pi, -,1.4e-245,818.5,4.8,9e-246,815.9,4.9,GCA_002600585.1
PHJ21036.1, -, PTHR11139.orig.30.pi, -,7.6e-136,454.4,3.4,6e-137,454.4,3.4,GCA_002600585.1
PHJ25835.1, -, PTHR11139.orig.30.pi, -,3.3e-104,349.4,5.2,3e-105,349.4,5.2,GCA_002600585.1
PHJ24529.1, -, PTHR11139.orig.30.pi, -,1.4e-74,251.1,0.0,1.4e-74,251.1,0.0,GCA_002600585.1
PHJ18239.1, -, PTHR11139.orig.30.pi, -,1.4e-20,72.0,0.1,2.3e-20,71.3,0.1,GCA_002600585.1
PHJ16100.1, -, PTHR11139.orig.30.pi, -,0.00035,17.6,2.5,0.00043,17.3,2.5,GCA_002600585.1
PHJ25522.1, -, PTHR11139.orig.30.pi, -,0.0022,15.0,2.6,0.045,10.6,1.9,GCA_002600585.1
