tar,tid,qry,qid,eva,sca,bia,evd,scd,bid,Accn
SCM23578.1, -, PTHR11139.orig.30.pi, -,1.2e-15,54.4,1.2,2.7e-15,53.2,1.2,GCA_900095555.1
SCL91252.1, -, PTHR11139.orig.30.pi, -,1.5e-10,37.5,0.0,1.3e-09,34.4,0.0,GCA_900095555.1
SCM25841.1, -, PTHR11139.orig.30.pi, -,4.7e-08,29.2,0.0,1.2e-07,27.8,0.0,GCA_900095555.1
SCM22405.1, -, PTHR11139.orig.30.pi, -,0.00056,15.7,4.3,0.00068,15.4,4.3,GCA_900095555.1
