tar,tid,qry,qid,eva,sca,bia,evd,scd,bid,Accn
EDO08700.1, -, PTHR11139.orig.30.pi, -,6.7e-100,333.6,37.0,4.2e-99,331.0,37.0,GCA_000165395.2
EDO08326.2, -, PTHR11139.orig.30.pi, -,8.4e-35,117.6,21.8,8.4e-35,117.6,21.8,GCA_000165395.2
EDO05379.1, -, PTHR11139.orig.30.pi, -,1.3e-18,63.9,0.1,7.3e-18,61.4,0.1,GCA_000165395.2
EDO07306.1, -, PTHR11139.orig.30.pi, -,2.5e-14,49.7,0.1,5.2e-14,48.7,0.0,GCA_000165395.2
EDO06234.1, -, PTHR11139.orig.30.pi, -,3.4e-05,19.4,0.1,3.4e-05,19.4,0.1,GCA_000165395.2
EDO08544.1, -, PTHR11139.orig.30.pi, -,0.00039,15.9,0.0,0.00048,15.6,0.0,GCA_000165395.2
EDO06070.2, -, PTHR11139.orig.30.pi, -,0.034,9.4,8.4,0.18,7.1,8.7,GCA_000165395.2
