tar,tid,qry,qid,eva,sca,bia,evd,scd,bid,Accn
GAW81404.1, -, PTHR11139.orig.30.pi, -,3.4e-13,46.5,0.9,1e-12,44.9,0.9,GCA_002157705.1
GAW81457.1, -, PTHR11139.orig.30.pi, -,1.7e-09,34.3,0.0,4.4e-09,32.9,0.0,GCA_002157705.1
GAW79823.1, -, PTHR11139.orig.30.pi, -,1.3e-08,31.4,0.1,2e-08,30.7,0.1,GCA_002157705.1
GAW83246.1, -, PTHR11139.orig.30.pi, -,3.1e-07,26.8,0.0,0.00017,17.7,0.0,GCA_002157705.1
GAW81075.1, -, PTHR11139.orig.30.pi, -,0.0002,17.4,1.6,0.00025,17.1,1.6,GCA_002157705.1
