tar,tid,qry,qid,eva,sca,bia,evd,scd,bid,Accn
VTZ69140.1, -, PTHR11139.orig.30.pi, -,1.2e-15,54.4,1.2,2.8e-15,53.2,1.2,GCA_900002335.2
VTZ68180.1, -, PTHR11139.orig.30.pi, -,5.3e-10,35.7,0.0,7.3e-10,35.3,0.0,GCA_900002335.2
VTZ67341.1, -, PTHR11139.orig.30.pi, -,1.3e-08,31.2,0.1,2.8e-08,30.0,0.1,GCA_900002335.2
VTZ69087.1, -, PTHR11139.orig.30.pi, -,3e-08,30.0,0.0,7e-08,28.7,0.0,GCA_900002335.2
VTZ70718.1, -, PTHR11139.orig.30.pi, -,5.9e-08,29.0,0.0,1.5e-07,27.6,0.0,GCA_900002335.2
VTZ68895.1, -, PTHR11139.orig.30.pi, -,0.00058,15.7,4.3,0.00072,15.4,4.3,GCA_900002335.2
VTZ68702.1, -, PTHR11139.orig.30.pi, -,0.028,10.1,10.8,0.087,8.5,0.7,GCA_900002335.2
