tar,tid,qry,qid,eva,sca,bia,evd,scd,bid,Accn
EUD73261.1, -, PTHR11139.orig.30.pi, -,1.3e-15,54.4,1.2,2.8e-15,53.2,1.2,GCA_000524515.1
EUD70510.1, -, PTHR11139.orig.30.pi, -,4.6e-10,35.9,0.0,6.6e-10,35.4,0.0,GCA_000524515.1
EUD73208.1, -, PTHR11139.orig.30.pi, -,3.5e-08,29.7,0.1,7.5e-08,28.6,0.1,GCA_000524515.1
EUD73591.1, -, PTHR11139.orig.30.pi, -,9e-07,25.0,0.0,2.2e-06,23.8,0.0,GCA_000524515.1
EUD74101.1, -, PTHR11139.orig.30.pi, -,6.1e-06,22.3,0.0,0.00011,18.2,0.0,GCA_000524515.1
EUD72744.1, -, PTHR11139.orig.30.pi, -,0.00034,16.5,2.3,0.047,9.4,0.1,GCA_000524515.1
EUD72937.1, -, PTHR11139.orig.30.pi, -,0.00072,15.4,4.3,0.0008,15.2,4.3,GCA_000524515.1
