tar,tid,qry,qid,eva,sca,bia,evd,scd,bid,Accn
CAD2094986.1, -, PTHR11139.orig.30.pi, -,1.3e-15,54.4,1.2,2.9e-15,53.2,1.2,GCA_903994225.1
CAD2089388.1, -, PTHR11139.orig.30.pi, -,4.9e-10,35.9,0.0,7e-10,35.4,0.0,GCA_903994225.1
CAD2094840.1, -, PTHR11139.orig.30.pi, -,3.6e-08,29.7,0.1,7.6e-08,28.6,0.1,GCA_903994225.1
CAD2089760.1, -, PTHR11139.orig.30.pi, -,2.3e-07,27.0,0.0,6.5e-07,25.5,0.0,GCA_903994225.1
CAD2103481.1, -, PTHR11139.orig.30.pi, -,4.3e-07,26.1,0.0,1.8e-06,24.1,0.0,GCA_903994225.1
CAD2091949.1, -, PTHR11139.orig.30.pi, -,0.00073,15.4,4.3,0.00081,15.2,4.3,GCA_903994225.1
CAD2091337.1, -, PTHR11139.orig.30.pi, -,0.0023,13.8,2.8,0.073,8.8,0.1,GCA_903994225.1
