tar,tid,qry,qid,eva,sca,bia,evd,scd,bid,Accn
VTZ79437.1, -, PTHR11139.orig.30.pi, -,9.3e-16,55.1,0.6,1.9e-15,54.1,0.6,GCA_900002385.2
VTZ76618.1, -, PTHR11139.orig.30.pi, -,2.5e-09,33.7,0.0,3.5e-09,33.3,0.0,GCA_900002385.2
VTZ81354.1, -, PTHR11139.orig.30.pi, -,3.2e-09,33.4,1.8,2.1e-08,30.7,0.9,GCA_900002385.2
VTZ79384.1, -, PTHR11139.orig.30.pi, -,1.6e-08,31.1,0.1,4.7e-08,29.5,0.1,GCA_900002385.2
VTZ78558.1, -, PTHR11139.orig.30.pi, -,0.00036,16.6,0.5,0.085,8.7,0.1,GCA_900002385.2
VTZ78381.1, -, PTHR11139.orig.30.pi, -,0.00084,15.4,4.4,0.00094,15.2,4.4,GCA_900002385.2
