tar,tid,qry,qid,eva,sca,bia,evd,scd,bid,Accn
UKJ90681.2, -, PTHR11139.orig.30.pi, -,2.7e-51,172.3,0.0,1.7e-46,156.4,0.0,GCA_003072545.4
UKJ89877.2, -, PTHR11139.orig.30.pi, -,5.2e-44,148.2,11.8,5.2e-44,148.2,11.8,GCA_003072545.4
UKJ88211.1, -, PTHR11139.orig.30.pi, -,1.5e-10,37.2,1.3,2.3e-10,36.5,0.1,GCA_003072545.4
UKJ89608.1, -, PTHR11139.orig.30.pi, -,9.3e-09,31.2,3.9,8.7e-07,24.7,0.1,GCA_003072545.4
UKJ87954.2, -, PTHR11139.orig.30.pi, -,2e-07,26.8,0.6,8.9e-07,24.6,0.1,GCA_003072545.4
UKJ89728.2, -, PTHR11139.orig.30.pi, -,0.00029,16.3,1.2,0.00037,16.0,1.2,GCA_003072545.4
UKJ90037.1, -, PTHR11139.orig.30.pi, -,0.0022,13.4,0.2,0.0028,13.0,0.2,GCA_003072545.4
UKJ87634.2, -, PTHR11139.orig.30.pi, -,0.012,10.9,6.5,0.015,10.6,6.5,GCA_003072545.4
