tar,tid,qry,qid,eva,sca,bia,evd,scd,bid,Accn
BAM40519.1, -, PTHR11139.orig.30.pi, -,1.3e-51,173.4,0.0,2.1e-48,162.8,0.0,GCA_000740895.1
BAM41863.1, -, PTHR11139.orig.30.pi, -,5.2e-51,171.4,12.9,5.2e-51,171.4,12.9,GCA_000740895.1
BAM39315.1, -, PTHR11139.orig.30.pi, -,7.6e-11,38.2,0.1,2.4e-10,36.5,0.1,GCA_000740895.1
BAM42206.1, -, PTHR11139.orig.30.pi, -,2.4e-09,33.2,2.5,2.6e-08,29.8,1.2,GCA_000740895.1
BAM39004.1, -, PTHR11139.orig.30.pi, -,3.6e-06,22.7,0.0,6.5e-06,21.8,0.0,GCA_000740895.1
BAM41652.1, -, PTHR11139.orig.30.pi, -,0.00059,15.3,0.1,0.00071,15.1,0.1,GCA_000740895.1
BAM42065.1, -, PTHR11139.orig.30.pi, -,0.00081,14.9,1.2,0.00093,14.7,1.2,GCA_000740895.1
