tar,tid,qry,qid,eva,sca,bia,evd,scd,bid,Accn
SIO73769.1, -, PTHR11139.orig.30.pi, -,5.2e-75,250.9,0.7,5.2e-75,250.9,0.7,GCA_000691945.2
CTQ41498.1, -, PTHR11139.orig.30.pi, -,1.7e-18,63.4,2.4,1.7e-18,63.4,2.4,GCA_000691945.2
SJK86481.1, -, PTHR11139.orig.30.pi, -,2.8e-09,32.8,2.5,3.6e-09,32.5,0.0,GCA_000691945.2
CTQ41384.1, -, PTHR11139.orig.30.pi, -,1.8e-08,30.1,0.0,4.1e-08,29.0,0.0,GCA_000691945.2
CCF75306.2, -, PTHR11139.orig.30.pi, -,4.3e-05,19.0,0.0,0.089,7.9,0.0,GCA_000691945.2
SIO73507.1, -, PTHR11139.orig.30.pi, -,0.00076,14.8,0.2,0.00094,14.5,0.2,GCA_000691945.2
