tar,tid,qry,qid,eva,sca,bia,evd,scd,bid,Accn
SCO61055.1, -, PTHR11139.orig.30.pi, -,1.3e-15,54.3,1.4,2.9e-15,53.1,1.4,GCA_900095585.1
SCO59428.1, -, PTHR11139.orig.30.pi, -,1.4e-09,34.3,0.0,1.9e-09,33.8,0.0,GCA_900095585.1
SCO62391.1, -, PTHR11139.orig.30.pi, -,6.8e-07,25.4,0.0,0.00018,17.3,0.0,GCA_900095585.1
SCO60519.1, -, PTHR11139.orig.30.pi, -,0.00055,15.7,1.8,0.099,8.2,0.2,GCA_900095585.1
SCO60243.1, -, PTHR11139.orig.30.pi, -,0.0012,14.6,3.7,0.0014,14.4,3.7,GCA_900095585.1
