tar,tid,qry,qid,eva,sca,bia,evd,scd,bid,Accn
WBY58543.1, -, PTHR11139.orig.30.pi, -,1.1e-15,55.1,0.6,2.2e-15,54.1,0.6,GCA_020844765.3
WBY56472.1, -, PTHR11139.orig.30.pi, -,2.8e-09,33.8,0.0,3.8e-09,33.3,0.0,GCA_020844765.3
WBY60584.1, -, PTHR11139.orig.30.pi, -,3.7e-09,33.4,1.8,2.4e-08,30.7,0.9,GCA_020844765.3
WBY58483.1, -, PTHR11139.orig.30.pi, -,1.9e-08,31.1,0.1,5.5e-08,29.5,0.1,GCA_020844765.3
WBY57509.1, -, PTHR11139.orig.30.pi, -,0.00042,16.6,0.5,0.099,8.7,0.1,GCA_020844765.3
WBY57290.1, -, PTHR11139.orig.30.pi, -,0.00098,15.4,4.4,0.0011,15.2,4.4,GCA_020844765.3
WBY57288.1, -, PTHR11139.orig.30.pi, -,0.0012,15.1,4.8,0.0013,15.0,4.8,GCA_020844765.3
WBY57289.1, -, PTHR11139.orig.30.pi, -,0.0024,14.1,5.7,0.0027,14.0,5.7,GCA_020844765.3
