tar,tid,qry,qid,eva,sca,bia,evd,scd,bid,Accn
CAD2094949.1, -, PTHR11139.orig.30.pi, -,1.3e-15,54.4,1.2,2.9e-15,53.2,1.2,GCA_903994205.1
CAD2089264.1, -, PTHR11139.orig.30.pi, -,4.8e-10,35.9,0.0,7e-10,35.4,0.0,GCA_903994205.1
CAD2094821.1, -, PTHR11139.orig.30.pi, -,5.2e-09,32.5,0.0,1.7e-08,30.8,0.0,GCA_903994205.1
CAD2103588.1, -, PTHR11139.orig.30.pi, -,2.8e-07,26.7,1.3,6.1e-07,25.6,0.8,GCA_903994205.1
CAD2091879.1, -, PTHR11139.orig.30.pi, -,0.00071,15.4,4.1,0.00077,15.3,4.1,GCA_903994205.1
CAD2091335.1, -, PTHR11139.orig.30.pi, -,0.0012,14.7,2.1,0.079,8.7,0.1,GCA_903994205.1
