tar,tid,qry,qid,eva,sca,bia,evd,scd,bid,Accn
TEB15284.1, -, PTHR19842.orig.30.pi, -,4.9e-30,99.8,0.1,8.9e-13,43.1,0.0,GCA_004369235.1
TEB15907.1, -, PTHR19842.orig.30.pi, -,2.4e-29,97.6,3.5,7.4e-15,50.0,0.5,GCA_004369235.1
TEB19329.1, -, PTHR19842.orig.30.pi, -,1.8e-21,71.7,0.0,4e-18,60.7,0.0,GCA_004369235.1
TEB18969.1, -, PTHR19842.orig.30.pi, -,2.1e-19,64.9,0.0,1.1e-12,42.9,0.0,GCA_004369235.1
TEB19775.1, -, PTHR19842.orig.30.pi, -,7.2e-17,56.6,0.0,6.8e-09,30.4,0.0,GCA_004369235.1
TEB16522.1, -, PTHR19842.orig.30.pi, -,1.1e-06,23.1,0.1,1.4e-06,22.8,0.1,GCA_004369235.1
TEB19187.1, -, PTHR19842.orig.30.pi, -,3.6e-05,18.1,0.0,0.00012,16.4,0.0,GCA_004369235.1
TEB19038.1, -, PTHR19842.orig.30.pi, -,0.00041,14.7,0.0,0.00068,13.9,0.0,GCA_004369235.1
TEB18084.1, -, PTHR19842.orig.30.pi, -,0.00063,14.0,0.0,0.026,8.7,0.0,GCA_004369235.1
