tar,tid,qry,qid,eva,sca,bia,evd,scd,bid,Accn
CAI5721206.1, -, PTHR33149.orig.30.pi, -,0.00049,18.3,0.1,0.00079,17.6,0.1,GCA_947646735.1
CAI5721210.1, -, PTHR33149.orig.30.pi, -,0.00051,18.2,0.1,0.00077,17.7,0.1,GCA_947646735.1
CAI5716096.1, -, PTHR33149.orig.30.pi, -,0.0094,14.1,2.8,0.016,13.3,2.8,GCA_947646735.1
CAI5705757.1, -, PTHR33149.orig.30.pi, -,0.045,11.8,0.9,0.047,11.8,0.9,GCA_947646735.1
