tar,tid,qry,qid,eva,sca,bia,evd,scd,bid,Accn
CAI5704861.1, -, PTHR33149.orig.30.pi, -,0.00049,18.4,0.1,0.00074,17.7,0.1,GCA_947641895.1
CAI5704860.1, -, PTHR33149.orig.30.pi, -,0.00049,18.3,0.1,0.00072,17.8,0.1,GCA_947641895.1
CAI5722349.1, -, PTHR33149.orig.30.pi, -,0.01,14.0,2.8,0.017,13.3,2.8,GCA_947641895.1
CAI5706239.1, -, PTHR33149.orig.30.pi, -,0.047,11.8,0.9,0.049,11.8,0.9,GCA_947641895.1
