tar,tid,qry,qid,eva,sca,bia,evd,scd,bid,Accn
CAH0491153.1, -, PTHR33149.orig.30.pi, -,0.00057,18.0,0.1,0.00085,17.4,0.1,GCA_920940705.1
CAH0491152.1, -, PTHR33149.orig.30.pi, -,0.0006,17.9,0.2,0.00095,17.3,0.2,GCA_920940705.1
CAH0486919.1, -, PTHR33149.orig.30.pi, -,0.043,11.8,0.9,0.045,11.8,0.9,GCA_920940705.1
