tar,tid,qry,qid,eva,sca,bia,evd,scd,bid,Accn
UIZ26427.1, -, PTHR33149.orig.30.pi, -,0.00055,18.0,0.1,0.00089,17.3,0.1,GCA_021491655.1
UIZ28215.1, -, PTHR33149.orig.30.pi, -,0.0091,14.0,2.8,0.015,13.3,2.8,GCA_021491655.1
UIZ23719.1, -, PTHR33149.orig.30.pi, -,0.042,11.8,0.9,0.044,11.8,0.9,GCA_021491655.1
